Sheet A Row Index,Sheet B Row Index
0,1,1,2022-01-03 00:00:00,162,24,2,2018-07-03 00:00:00
1,1,2,2022-01-04 00:00:00,163,24,3,2018-07-04 00:00:00
2,1,3,2022-01-05 00:00:00,164,24,4,2018-07-05 00:00:00
3,1,4,2022-01-06 00:00:00,165,24,5,2018-07-06 00:00:00
4,1,5,2022-01-07 00:00:00,166,24,6,2018-07-07 00:00:00
5,1,6,2022-01-08 00:00:00,168,25,1,2018-07-09 00:00:00
6,2,0,2022-01-09 00:00:00,0,0,0,0
7,2,1,2022-01-10 00:00:00,169,25,2,2018-07-10 00:00:00
8,2,2,2022-01-11 00:00:00,170,25,3,2018-07-11 00:00:00
9,2,3,2022-01-12 00:00:00,171,25,4,2018-07-12 00:00:00
10,2,4,2022-01-13 00:00:00,172,25,5,2018-07-13 00:00:00
11,2,5,2022-01-14 00:00:00,173,25,6,2018-07-14 00:00:00
12,2,6,2022-01-15 00:00:00,175,26,1,2018-07-16 00:00:00
13,3,0,2022-01-16 00:00:00,0,0,0,0
14,3,1,2022-01-17 00:00:00,176,26,2,2018-07-17 00:00:00
15,3,2,2022-01-18 00:00:00,177,26,3,2018-07-18 00:00:00
16,3,3,2022-01-19 00:00:00,178,26,4,2018-07-19 00:00:00
17,3,4,2022-01-20 00:00:00,179,26,5,2018-07-20 00:00:00
18,3,5,2022-01-21 00:00:00,180,26,6,2018-07-21 00:00:00
19,3,6,2022-01-22 00:00:00,182,27,1,2018-07-23 00:00:00
20,4,0,2022-01-23 00:00:00,0,0,0,0
21,4,1,2022-01-24 00:00:00,183,27,2,2018-07-24 00:00:00
22,4,2,2022-01-25 00:00:00,184,27,3,2018-07-25 00:00:00
23,4,3,2022-01-26 00:00:00,185,27,4,2018-07-26 00:00:00
24,4,4,2022-01-27 00:00:00,186,27,5,2018-07-27 00:00:00
25,4,5,2022-01-28 00:00:00,187,27,6,2018-07-28 00:00:00
26,4,6,2022-01-29 00:00:00,189,28,1,2018-07-30 00:00:00
27,5,0,2022-01-30 00:00:00,0,0,0,0
28,5,1,2022-01-31 00:00:00,190,28,2,2018-07-31 00:00:00
29,5,2,2022-02-01 00:00:00,191,28,3,2018-08-01 00:00:00
30,5,3,2022-02-02 00:00:00,192,28,4,2018-08-02 00:00:00
31,5,4,2022-02-03 00:00:00,193,28,5,2018-08-03 00:00:00
32,5,5,2022-02-04 00:00:00,194,28,6,2018-08-04 00:00:00
33,5,6,2022-02-05 00:00:00,196,29,1,2018-08-06 00:00:00
34,6,0,2022-02-06 00:00:00,0,0,0,0
35,6,1,2022-02-07 00:00:00,197,29,2,2018-08-07 00:00:00
36,6,2,2022-02-08 00:00:00,198,29,3,2018-08-08 00:00:00
37,6,3,2022-02-09 00:00:00,199,29,4,2018-08-09 00:00:00
38,6,4,2022-02-10 00:00:00,200,29,5,2018-08-10 00:00:00
39,6,5,2022-02-11 00:00:00,201,29,6,2018-08-11 00:00:00
40,6,6,2022-02-12 00:00:00,203,30,1,2018-08-13 00:00:00
41,7,0,2022-02-13 00:00:00,0,0,0,0
42,7,1,2022-02-14 00:00:00,204,30,2,2018-08-14 00:00:00
43,7,2,2022-02-15 00:00:00,205,30,3,2018-08-15 00:00:00
44,7,3,2022-02-16 00:00:00,206,30,4,2018-08-16 00:00:00
45,7,4,2022-02-17 00:00:00,207,30,5,2018-08-17 00:00:00
46,7,5,2022-02-18 00:00:00,208,30,6,2018-08-18 00:00:00
47,7,6,2022-02-19 00:00:00,210,31,1,2018-08-20 00:00:00
48,8,0,2022-02-20 00:00:00,0,0,0,0
49,8,1,2022-02-21 00:00:00,211,31,2,2018-08-21 00:00:00
50,8,2,2022-02-22 00:00:00,212,31,3,2018-08-22 00:00:00
51,8,3,2022-02-23 00:00:00,213,31,4,2018-08-23 00:00:00
52,8,4,2022-02-24 00:00:00,214,31,5,2018-08-24 00:00:00
53,8,5,2022-02-25 00:00:00,215,31,6,2018-08-25 00:00:00
54,8,6,2022-02-26 00:00:00,217,32,1,2018-08-27 00:00:00
55,9,0,2022-02-27 00:00:00,0,0,0,0
56,9,1,2022-02-28 00:00:00,218,32,2,2018-08-28 00:00:00
57,9,2,2022-03-01 00:00:00,219,32,3,2018-08-29 00:00:00
58,9,3,2022-03-02 00:00:00,220,32,4,2018-08-30 00:00:00
59,9,4,2022-03-03 00:00:00,221,32,5,2018-08-31 00:00:00
60,9,5,2022-03-04 00:00:00,661,95,4,2019-11-14 00:00:00
61,9,6,2022-03-05 00:00:00,662,95,5,2019-11-15 00:00:00
62,10,0,2022-03-06 00:00:00,0,0,0,0
63,10,1,2022-03-07 00:00:00,663,95,6,2019-11-16 00:00:00
64,10,2,2022-03-08 00:00:00,665,96,1,2019-11-18 00:00:00
65,10,3,2022-03-09 00:00:00,666,96,2,2019-11-19 00:00:00
66,10,4,2022-03-10 00:00:00,667,96,3,2019-11-20 00:00:00
67,10,5,2022-03-11 00:00:00,668,96,4,2019-11-21 00:00:00
68,10,6,2022-03-12 00:00:00,669,96,5,2019-11-22 00:00:00
69,11,0,2022-03-13 00:00:00,0,0,0,0
70,11,1,2022-03-14 00:00:00,670,96,6,2019-11-23 00:00:00
71,11,2,2022-03-15 00:00:00,673,97,2,2019-11-26 00:00:00
72,11,3,2022-03-16 00:00:00,674,97,3,2019-11-27 00:00:00
73,11,4,2022-03-17 00:00:00,676,97,5,2019-11-29 00:00:00
74,11,5,2022-03-18 00:00:00,677,97,6,2019-11-30 00:00:00
75,11,6,2022-03-19 00:00:00,679,98,1,2019-12-02 00:00:00
76,12,0,2022-03-20 00:00:00,0,0,0,0
77,12,1,2022-03-21 00:00:00,681,98,3,2019-12-04 00:00:00
78,12,2,2022-03-22 00:00:00,682,98,4,2019-12-05 00:00:00
79,12,3,2022-03-23 00:00:00,683,98,5,2019-12-06 00:00:00
80,12,4,2022-03-24 00:00:00,0,1,1,2018-01-22 00:00:00
81,12,5,2022-03-25 00:00:00,1,1,2,2018-01-23 00:00:00
82,12,6,2022-03-26 00:00:00,2,1,3,2018-01-24 00:00:00
83,13,0,2022-03-27 00:00:00,0,0,0,0
84,13,1,2022-03-28 00:00:00,3,1,4,2018-01-25 00:00:00
85,13,2,2022-03-29 00:00:00,4,1,5,2018-01-26 00:00:00
86,13,3,2022-03-30 00:00:00,5,1,6,2018-01-27 00:00:00
87,13,4,2022-03-31 00:00:00,7,2,1,2018-01-29 00:00:00
88,13,5,2022-04-01 00:00:00,8,2,2,2018-01-30 00:00:00
89,13,6,2022-04-02 00:00:00,9,2,3,2018-01-31 00:00:00
90,14,0,2022-04-03 00:00:00,0,0,0,0
91,14,1,2022-04-04 00:00:00,10,2,4,2018-02-01 00:00:00
92,14,2,2022-04-05 00:00:00,11,2,5,2018-02-02 00:00:00
93,14,3,2022-04-06 00:00:00,12,2,6,2018-02-03 00:00:00
94,14,4,2022-04-07 00:00:00,14,3,1,2018-02-05 00:00:00
95,14,5,2022-04-08 00:00:00,15,3,2,2018-02-06 00:00:00
96,14,6,2022-04-09 00:00:00,16,3,3,2018-02-07 00:00:00
97,15,0,2022-04-10 00:00:00,0,0,0,0
98,15,1,2022-04-11 00:00:00,17,3,4,2018-02-08 00:00:00
99,15,2,2022-04-12 00:00:00,18,3,5,2018-02-09 00:00:00
100,15,3,2022-04-13 00:00:00,19,3,6,2018-02-10 00:00:00
101,15,4,2022-04-14 00:00:00,21,4,1,2018-02-12 00:00:00
102,15,5,2022-04-15 00:00:00,22,4,2,2018-02-13 00:00:00
103,15,6,2022-04-16 00:00:00,23,4,3,2018-02-14 00:00:00
104,16,0,2022-04-17 00:00:00,0,0,0,0
105,16,1,2022-04-18 00:00:00,24,4,4,2018-02-15 00:00:00
106,16,2,2022-04-19 00:00:00,25,4,5,2018-02-16 00:00:00
107,16,3,2022-04-20 00:00:00,26,4,6,2018-02-17 00:00:00
108,16,4,2022-04-21 00:00:00,28,5,1,2018-02-19 00:00:00
109,16,5,2022-04-22 00:00:00,29,5,2,2018-02-20 00:00:00
110,16,6,2022-04-23 00:00:00,30,5,3,2018-02-21 00:00:00
111,17,0,2022-04-24 00:00:00,0,0,0,0
112,17,1,2022-04-25 00:00:00,31,5,4,2018-02-22 00:00:00
113,17,2,2022-04-26 00:00:00,32,5,5,2018-02-23 00:00:00
114,17,3,2022-04-27 00:00:00,33,5,6,2018-02-24 00:00:00
115,17,4,2022-04-28 00:00:00,35,6,1,2018-02-26 00:00:00
116,17,5,2022-04-29 00:00:00,36,6,2,2018-02-27 00:00:00
117,17,6,2022-04-30 00:00:00,37,6,3,2018-02-28 00:00:00
118,18,0,2022-05-01 00:00:00,0,0,0,0
119,18,1,2022-05-02 00:00:00,38,6,4,2018-03-01 00:00:00
120,18,2,2022-05-03 00:00:00,39,6,5,2018-03-02 00:00:00
121,18,3,2022-05-04 00:00:00,40,6,6,2018-03-03 00:00:00
122,18,4,2022-05-05 00:00:00,42,7,1,2018-03-05 00:00:00
123,18,5,2022-05-06 00:00:00,43,7,2,2018-03-06 00:00:00
124,18,6,2022-05-07 00:00:00,44,7,3,2018-03-07 00:00:00
125,19,0,2022-05-08 00:00:00,0,0,0,0
126,19,1,2022-05-09 00:00:00,45,7,4,2018-03-08 00:00:00
127,19,2,2022-05-10 00:00:00,46,7,5,2018-03-09 00:00:00
128,19,3,2022-05-11 00:00:00,47,7,6,2018-03-10 00:00:00
129,19,4,2022-05-12 00:00:00,49,8,1,2018-03-12 00:00:00
130,19,5,2022-05-13 00:00:00,50,8,2,2018-03-13 00:00:00
131,19,6,2022-05-14 00:00:00,51,8,3,2018-03-14 00:00:00
132,20,0,2022-05-15 00:00:00,0,0,0,0
133,20,1,2022-05-16 00:00:00,52,8,4,2018-03-15 00:00:00
134,20,2,2022-05-17 00:00:00,53,8,5,2018-03-16 00:00:00
135,20,3,2022-05-18 00:00:00,54,8,6,2018-03-17 00:00:00
136,20,4,2022-05-19 00:00:00,56,9,1,2018-03-19 00:00:00
137,20,5,2022-05-20 00:00:00,57,9,2,2018-03-20 00:00:00
138,20,6,2022-05-21 00:00:00,58,9,3,2018-03-21 00:00:00
139,21,0,2022-05-22 00:00:00,0,0,0,0
140,21,1,2022-05-23 00:00:00,59,9,4,2018-03-22 00:00:00
141,21,2,2022-05-24 00:00:00,60,9,5,2018-03-23 00:00:00
142,21,3,2022-05-25 00:00:00,61,9,6,2018-03-24 00:00:00
143,21,4,2022-05-26 00:00:00,63,10,1,2018-03-26 00:00:00
144,21,5,2022-05-27 00:00:00,64,10,2,2018-03-27 00:00:00
145,21,6,2022-05-28 00:00:00,65,10,3,2018-03-28 00:00:00
146,22,0,2022-05-29 00:00:00,0,0,0,0
147,22,1,2022-05-30 00:00:00,66,10,4,2018-03-29 00:00:00
148,22,2,2022-05-31 00:00:00,67,10,5,2018-03-30 00:00:00
149,22,3,2022-06-01 00:00:00,68,10,6,2018-03-31 00:00:00
150,22,4,2022-06-02 00:00:00,70,11,1,2018-04-02 00:00:00
151,22,5,2022-06-03 00:00:00,71,11,2,2018-04-03 00:00:00
152,22,6,2022-06-04 00:00:00,72,11,3,2018-04-04 00:00:00
153,23,0,2022-06-05 00:00:00,0,0,0,0
154,23,1,2022-06-06 00:00:00,73,11,4,2018-04-05 00:00:00
155,23,2,2022-06-07 00:00:00,74,11,5,2018-04-06 00:00:00
156,23,3,2022-06-08 00:00:00,75,11,6,2018-04-07 00:00:00
157,23,4,2022-06-09 00:00:00,77,12,1,2018-04-09 00:00:00
158,23,5,2022-06-10 00:00:00,78,12,2,2018-04-10 00:00:00
159,23,6,2022-06-11 00:00:00,79,12,3,2018-04-11 00:00:00
160,24,0,2022-06-12 00:00:00,0,0,0,0
161,24,1,2022-06-13 00:00:00,80,12,4,2018-04-12 00:00:00
162,24,2,2022-06-14 00:00:00,81,12,5,2018-04-13 00:00:00
163,24,3,2022-06-15 00:00:00,82,12,6,2018-04-14 00:00:00
164,24,4,2022-06-16 00:00:00,84,13,1,2018-04-16 00:00:00
165,24,5,2022-06-17 00:00:00,85,13,2,2018-04-17 00:00:00
166,24,6,2022-06-18 00:00:00,86,13,3,2018-04-18 00:00:00
167,25,0,2022-06-19 00:00:00,0,0,0,0
168,25,1,2022-06-20 00:00:00,87,13,4,2018-04-19 00:00:00
169,25,2,2022-06-21 00:00:00,88,13,5,2018-04-20 00:00:00
170,25,3,2022-06-22 00:00:00,89,13,6,2018-04-21 00:00:00
171,25,4,2022-06-23 00:00:00,91,14,1,2018-04-23 00:00:00
172,25,5,2022-06-24 00:00:00,92,14,2,2018-04-24 00:00:00
173,25,6,2022-06-25 00:00:00,93,14,3,2018-04-25 00:00:00
174,26,0,2022-06-26 00:00:00,0,0,0,0
175,26,1,2022-06-27 00:00:00,94,14,4,2018-04-26 00:00:00
176,26,2,2022-06-28 00:00:00,95,14,5,2018-04-27 00:00:00
177,26,3,2022-06-29 00:00:00,96,14,6,2018-04-28 00:00:00
178,26,4,2022-06-30 00:00:00,98,15,1,2018-04-30 00:00:00
179,26,5,2022-07-01 00:00:00,99,15,2,2018-05-01 00:00:00
180,26,6,2022-07-02 00:00:00,100,15,3,2018-05-02 00:00:00
181,27,0,2022-07-03 00:00:00,0,0,0,0
182,27,1,2022-07-04 00:00:00,101,15,4,2018-05-03 00:00:00
183,27,2,2022-07-05 00:00:00,102,15,5,2018-05-04 00:00:00
184,27,3,2022-07-06 00:00:00,103,15,6,2018-05-05 00:00:00
185,27,4,2022-07-07 00:00:00,105,16,1,2018-05-07 00:00:00
186,27,5,2022-07-08 00:00:00,106,16,2,2018-05-08 00:00:00
187,27,6,2022-07-09 00:00:00,107,16,3,2018-05-09 00:00:00
188,28,0,2022-07-10 00:00:00,0,0,0,0
189,28,1,2022-07-11 00:00:00,108,16,4,2018-05-10 00:00:00
190,28,2,2022-07-12 00:00:00,109,16,5,2018-05-11 00:00:00
191,28,3,2022-07-13 00:00:00,110,16,6,2018-05-12 00:00:00
192,28,4,2022-07-14 00:00:00,112,17,1,2018-05-14 00:00:00
193,28,5,2022-07-15 00:00:00,113,17,2,2018-05-15 00:00:00
194,28,6,2022-07-16 00:00:00,114,17,3,2018-05-16 00:00:00
195,29,0,2022-07-17 00:00:00,0,0,0,0
196,29,1,2022-07-18 00:00:00,115,17,4,2018-05-17 00:00:00
197,29,2,2022-07-19 00:00:00,116,17,5,2018-05-18 00:00:00
198,29,3,2022-07-20 00:00:00,117,17,6,2018-05-19 00:00:00
199,29,4,2022-07-21 00:00:00,119,18,1,2018-05-21 00:00:00
200,29,5,2022-07-22 00:00:00,120,18,2,2018-05-22 00:00:00
201,29,6,2022-07-23 00:00:00,121,18,3,2018-05-23 00:00:00
202,30,0,2022-07-24 00:00:00,0,0,0,0
203,30,1,2022-07-25 00:00:00,122,18,4,2018-05-24 00:00:00
204,30,2,2022-07-26 00:00:00,123,18,5,2018-05-25 00:00:00
205,30,3,2022-07-27 00:00:00,124,18,6,2018-05-26 00:00:00
206,30,4,2022-07-28 00:00:00,126,19,1,2018-05-28 00:00:00
207,30,5,2022-07-29 00:00:00,127,19,2,2018-05-29 00:00:00
208,30,6,2022-07-30 00:00:00,128,19,3,2018-05-30 00:00:00
209,31,0,2022-07-31 00:00:00,0,0,0,0
210,31,1,2022-08-01 00:00:00,129,19,4,2018-05-31 00:00:00
211,31,2,2022-08-02 00:00:00,130,19,5,2018-06-01 00:00:00
212,31,3,2022-08-03 00:00:00,131,19,6,2018-06-02 00:00:00
213,31,4,2022-08-04 00:00:00,133,20,1,2018-06-04 00:00:00
214,31,5,2022-08-05 00:00:00,134,20,2,2018-06-05 00:00:00
215,31,6,2022-08-06 00:00:00,135,20,3,2018-06-06 00:00:00
216,32,0,2022-08-07 00:00:00,0,0,0,0
217,32,1,2022-08-08 00:00:00,136,20,4,2018-06-07 00:00:00
218,32,2,2022-08-09 00:00:00,137,20,5,2018-06-08 00:00:00
219,32,3,2022-08-10 00:00:00,138,20,6,2018-06-09 00:00:00
220,32,4,2022-08-11 00:00:00,140,21,1,2018-06-11 00:00:00
221,32,5,2022-08-12 00:00:00,141,21,2,2018-06-12 00:00:00
222,32,6,2022-08-13 00:00:00,142,21,3,2018-06-13 00:00:00
223,33,0,2022-08-14 00:00:00,0,0,0,0
224,33,1,2022-08-15 00:00:00,143,21,4,2018-06-14 00:00:00
225,33,2,2022-08-16 00:00:00,144,21,5,2018-06-15 00:00:00
226,33,3,2022-08-17 00:00:00,145,21,6,2018-06-16 00:00:00
227,33,4,2022-08-18 00:00:00,147,22,1,2018-06-18 00:00:00
228,33,5,2022-08-19 00:00:00,148,22,2,2018-06-19 00:00:00
229,33,6,2022-08-20 00:00:00,149,22,3,2018-06-20 00:00:00
230,34,0,2022-08-21 00:00:00,0,0,0,0
231,34,1,2022-08-22 00:00:00,150,22,4,2018-06-21 00:00:00
232,34,2,2022-08-23 00:00:00,151,22,5,2018-06-22 00:00:00
233,34,3,2022-08-24 00:00:00,152,22,6,2018-06-23 00:00:00
234,34,4,2022-08-25 00:00:00,154,23,1,2018-06-25 00:00:00
235,34,5,2022-08-26 00:00:00,155,23,2,2018-06-26 00:00:00
236,34,6,2022-08-27 00:00:00,156,23,3,2018-06-27 00:00:00
237,35,0,2022-08-28 00:00:00,0,0,0,0
238,35,1,2022-08-29 00:00:00,157,23,4,2018-06-28 00:00:00
239,35,2,2022-08-30 00:00:00,158,23,5,2018-06-29 00:00:00
240,35,3,2022-08-31 00:00:00,159,23,6,2018-06-30 00:00:00
241,35,4,2022-09-01 00:00:00,161,24,1,2018-07-02 00:00:00
242,35,5,2022-09-02 00:00:00,222,32,6,2018-09-01 00:00:00
243,35,6,2022-09-03 00:00:00,224,33,1,2018-09-03 00:00:00
244,36,0,2022-09-04 00:00:00,0,0,0,0
245,36,1,2022-09-05 00:00:00,225,33,2,2018-09-04 00:00:00
246,36,2,2022-09-06 00:00:00,226,33,3,2018-09-05 00:00:00
247,36,3,2022-09-07 00:00:00,227,33,4,2018-09-06 00:00:00
248,36,4,2022-09-08 00:00:00,228,33,5,2018-09-07 00:00:00
249,36,5,2022-09-09 00:00:00,229,33,6,2018-09-08 00:00:00
250,36,6,2022-09-10 00:00:00,231,34,1,2018-09-10 00:00:00
251,37,0,2022-09-11 00:00:00,0,0,0,0
252,37,1,2022-09-12 00:00:00,232,34,2,2018-09-11 00:00:00
253,37,2,2022-09-13 00:00:00,233,34,3,2018-09-12 00:00:00
254,37,3,2022-09-14 00:00:00,234,34,4,2018-09-13 00:00:00
255,37,4,2022-09-15 00:00:00,235,34,5,2018-09-14 00:00:00
256,37,5,2022-09-16 00:00:00,236,34,6,2018-09-15 00:00:00
257,37,6,2022-09-17 00:00:00,238,35,1,2018-09-17 00:00:00
258,38,0,2022-09-18 00:00:00,0,0,0,0
259,38,1,2022-09-19 00:00:00,239,35,2,2018-09-18 00:00:00
260,38,2,2022-09-20 00:00:00,240,35,3,2018-09-19 00:00:00
261,38,3,2022-09-21 00:00:00,241,35,4,2018-09-20 00:00:00
262,38,4,2022-09-22 00:00:00,242,35,5,2018-09-21 00:00:00
263,38,5,2022-09-23 00:00:00,243,35,6,2018-09-22 00:00:00
264,38,6,2022-09-24 00:00:00,245,36,1,2018-09-24 00:00:00
265,39,0,2022-09-25 00:00:00,0,0,0,0
266,39,1,2022-09-26 00:00:00,246,36,2,2018-09-25 00:00:00
267,39,2,2022-09-27 00:00:00,247,36,3,2018-09-26 00:00:00
268,39,3,2022-09-28 00:00:00,248,36,4,2018-09-27 00:00:00
269,39,4,2022-09-29 00:00:00,249,36,5,2018-09-28 00:00:00
270,39,5,2022-09-30 00:00:00,250,36,6,2018-09-29 00:00:00
271,39,6,2022-10-01 00:00:00,252,37,1,2018-10-01 00:00:00
272,40,0,2022-10-02 00:00:00,0,0,0,0
273,40,1,2022-10-03 00:00:00,253,37,2,2018-10-02 00:00:00
274,40,2,2022-10-04 00:00:00,254,37,3,2018-10-03 00:00:00
275,40,3,2022-10-05 00:00:00,255,37,4,2018-10-04 00:00:00
276,40,4,2022-10-06 00:00:00,256,37,5,2018-10-05 00:00:00
277,40,5,2022-10-07 00:00:00,257,37,6,2018-10-06 00:00:00
278,40,6,2022-10-08 00:00:00,259,38,1,2018-10-08 00:00:00
279,41,0,2022-10-09 00:00:00,0,0,0,0
280,41,1,2022-10-10 00:00:00,260,38,2,2018-10-09 00:00:00
281,41,2,2022-10-11 00:00:00,261,38,3,2018-10-10 00:00:00
282,41,3,2022-10-12 00:00:00,262,38,4,2018-10-11 00:00:00
283,41,4,2022-10-13 00:00:00,263,38,5,2018-10-12 00:00:00
284,41,5,2022-10-14 00:00:00,264,38,6,2018-10-13 00:00:00
285,41,6,2022-10-15 00:00:00,266,39,1,2018-10-15 00:00:00
286,42,0,2022-10-16 00:00:00,0,0,0,0
287,42,1,2022-10-17 00:00:00,267,39,2,2018-10-16 00:00:00
288,42,2,2022-10-18 00:00:00,268,39,3,2018-10-17 00:00:00
289,42,3,2022-10-19 00:00:00,269,39,4,2018-10-18 00:00:00
290,42,4,2022-10-20 00:00:00,270,39,5,2018-10-19 00:00:00
291,42,5,2022-10-21 00:00:00,271,39,6,2018-10-20 00:00:00
292,42,6,2022-10-22 00:00:00,273,40,1,2018-10-22 00:00:00
293,43,0,2022-10-23 00:00:00,0,0,0,0
294,43,1,2022-10-24 00:00:00,274,40,2,2018-10-23 00:00:00
295,43,2,2022-10-25 00:00:00,275,40,3,2018-10-24 00:00:00
296,43,3,2022-10-26 00:00:00,276,40,4,2018-10-25 00:00:00
297,43,4,2022-10-27 00:00:00,277,40,5,2018-10-26 00:00:00
298,43,5,2022-10-28 00:00:00,278,40,6,2018-10-27 00:00:00
299,43,6,2022-10-29 00:00:00,280,41,1,2018-10-29 00:00:00
300,44,0,2022-10-30 00:00:00,0,0,0,0
301,44,1,2022-10-31 00:00:00,281,41,2,2018-10-30 00:00:00
302,44,2,2022-11-01 00:00:00,282,41,3,2018-10-31 00:00:00
303,44,3,2022-11-02 00:00:00,283,41,4,2018-11-01 00:00:00
304,44,4,2022-11-03 00:00:00,284,41,5,2018-11-02 00:00:00
305,44,5,2022-11-04 00:00:00,285,41,6,2018-11-03 00:00:00
306,44,6,2022-11-05 00:00:00,287,42,1,2018-11-05 00:00:00
307,45,0,2022-11-06 00:00:00,0,0,0,0
308,45,1,2022-11-07 00:00:00,288,42,2,2018-11-06 00:00:00
309,45,2,2022-11-08 00:00:00,289,42,3,2018-11-07 00:00:00
310,45,3,2022-11-09 00:00:00,290,42,4,2018-11-08 00:00:00
311,45,4,2022-11-10 00:00:00,291,42,5,2018-11-09 00:00:00
312,45,5,2022-11-11 00:00:00,292,42,6,2018-11-10 00:00:00
313,45,6,2022-11-12 00:00:00,294,43,1,2018-11-12 00:00:00
314,46,0,2022-11-13 00:00:00,0,0,0,0
315,46,1,2022-11-14 00:00:00,295,43,2,2018-11-13 00:00:00
316,46,2,2022-11-15 00:00:00,296,43,3,2018-11-14 00:00:00
317,46,3,2022-11-16 00:00:00,297,43,4,2018-11-15 00:00:00
318,46,4,2022-11-17 00:00:00,298,43,5,2018-11-16 00:00:00
319,46,5,2022-11-18 00:00:00,299,43,6,2018-11-17 00:00:00
320,46,6,2022-11-19 00:00:00,301,44,1,2018-11-19 00:00:00
321,47,0,2022-11-20 00:00:00,0,0,0,0
322,47,1,2022-11-21 00:00:00,302,44,2,2018-11-20 00:00:00
323,47,2,2022-11-22 00:00:00,303,44,3,2018-11-21 00:00:00
324,47,3,2022-11-23 00:00:00,304,44,4,2018-11-22 00:00:00
325,47,4,2022-11-24 00:00:00,305,44,5,2018-11-23 00:00:00
326,47,5,2022-11-25 00:00:00,306,44,6,2018-11-24 00:00:00
327,47,6,2022-11-26 00:00:00,308,45,1,2018-11-26 00:00:00
328,48,0,2022-11-27 00:00:00,0,0,0,0
329,48,1,2022-11-28 00:00:00,309,45,2,2018-11-27 00:00:00
330,48,2,2022-11-29 00:00:00,310,45,3,2018-11-28 00:00:00
331,48,3,2022-11-30 00:00:00,311,45,4,2018-11-29 00:00:00
332,48,4,2022-12-01 00:00:00,312,45,5,2018-11-30 00:00:00
333,48,5,2022-12-02 00:00:00,313,45,6,2018-12-01 00:00:00
334,48,6,2022-12-03 00:00:00,315,46,1,2018-12-03 00:00:00
335,49,0,2022-12-04 00:00:00,0,0,0,0
336,49,1,2022-12-05 00:00:00,316,46,2,2018-12-04 00:00:00
337,49,2,2022-12-06 00:00:00,317,46,3,2018-12-05 00:00:00
338,49,3,2022-12-07 00:00:00,318,46,4,2018-12-06 00:00:00
339,49,4,2022-12-08 00:00:00,319,46,5,2018-12-07 00:00:00
340,49,5,2022-12-09 00:00:00,320,46,6,2018-12-08 00:00:00
341,49,6,2022-12-10 00:00:00,322,47,1,2018-12-10 00:00:00
342,50,0,2022-12-11 00:00:00,0,0,0,0
343,50,1,2022-12-12 00:00:00,323,47,2,2018-12-11 00:00:00
344,50,2,2022-12-13 00:00:00,324,47,3,2018-12-12 00:00:00
345,50,3,2022-12-14 00:00:00,325,47,4,2018-12-13 00:00:00
346,50,4,2022-12-15 00:00:00,326,47,5,2018-12-14 00:00:00
347,50,5,2022-12-16 00:00:00,327,47,6,2018-12-15 00:00:00
348,50,6,2022-12-17 00:00:00,329,48,1,2018-12-17 00:00:00
349,51,0,2022-12-18 00:00:00,0,0,0,0
350,51,1,2022-12-19 00:00:00,330,48,2,2018-12-18 00:00:00
351,51,2,2022-12-20 00:00:00,331,48,3,2018-12-19 00:00:00
352,51,3,2022-12-21 00:00:00,332,48,4,2018-12-20 00:00:00
353,51,4,2022-12-22 00:00:00,333,48,5,2018-12-21 00:00:00
354,51,5,2022-12-23 00:00:00,334,48,6,2018-12-22 00:00:00
356,52,0,2022-12-25 00:00:00,0,0,0,0
363,53,0,2023-01-01 00:00:00,0,0,0,0
370,54,0,2023-01-08 00:00:00,0,0,0,0
375,54,5,2023-01-13 00:00:00,359,52,3,2019-01-16 00:00:00
376,54,6,2023-01-14 00:00:00,360,52,4,2019-01-17 00:00:00
377,55,0,2023-01-15 00:00:00,0,0,0,0
378,55,1,2023-01-16 00:00:00,361,52,5,2019-01-18 00:00:00
379,55,2,2023-01-17 00:00:00,362,52,6,2019-01-19 00:00:00
380,55,3,2023-01-18 00:00:00,364,53,1,2019-01-21 00:00:00
381,55,4,2023-01-19 00:00:00,365,53,2,2019-01-22 00:00:00
382,55,5,2023-01-20 00:00:00,366,53,3,2019-01-23 00:00:00
383,55,6,2023-01-21 00:00:00,367,53,4,2019-01-24 00:00:00
384,56,0,2023-01-22 00:00:00,0,0,0,0
385,56,1,2023-01-23 00:00:00,368,53,5,2019-01-25 00:00:00
386,56,2,2023-01-24 00:00:00,369,53,6,2019-01-26 00:00:00
387,56,3,2023-01-25 00:00:00,371,54,1,2019-01-28 00:00:00
388,56,4,2023-01-26 00:00:00,372,54,2,2019-01-29 00:00:00
389,56,5,2023-01-27 00:00:00,373,54,3,2019-01-30 00:00:00
390,56,6,2023-01-28 00:00:00,374,54,4,2019-01-31 00:00:00
391,57,0,2023-01-29 00:00:00,0,0,0,0
392,57,1,2023-01-30 00:00:00,375,54,5,2019-02-01 00:00:00
393,57,2,2023-01-31 00:00:00,376,54,6,2019-02-02 00:00:00
394,57,3,2023-02-01 00:00:00,378,55,1,2019-02-04 00:00:00
395,57,4,2023-02-02 00:00:00,379,55,2,2019-02-05 00:00:00
396,57,5,2023-02-03 00:00:00,380,55,3,2019-02-06 00:00:00
397,57,6,2023-02-04 00:00:00,381,55,4,2019-02-07 00:00:00
398,58,0,2023-02-05 00:00:00,0,0,0,0
399,58,1,2023-02-06 00:00:00,382,55,5,2019-02-08 00:00:00
400,58,2,2023-02-07 00:00:00,383,55,6,2019-02-09 00:00:00
401,58,3,2023-02-08 00:00:00,385,56,1,2019-02-11 00:00:00
402,58,4,2023-02-09 00:00:00,386,56,2,2019-02-12 00:00:00
403,58,5,2023-02-10 00:00:00,387,56,3,2019-02-13 00:00:00
404,58,6,2023-02-11 00:00:00,388,56,4,2019-02-14 00:00:00
405,59,0,2023-02-12 00:00:00,0,0,0,0
406,59,1,2023-02-13 00:00:00,389,56,5,2019-02-15 00:00:00
407,59,2,2023-02-14 00:00:00,390,56,6,2019-02-16 00:00:00
408,59,3,2023-02-15 00:00:00,392,57,1,2019-02-18 00:00:00
409,59,4,2023-02-16 00:00:00,393,57,2,2019-02-19 00:00:00
410,59,5,2023-02-17 00:00:00,394,57,3,2019-02-20 00:00:00
411,59,6,2023-02-18 00:00:00,395,57,4,2019-02-21 00:00:00
412,60,0,2023-02-19 00:00:00,0,0,0,0
413,60,1,2023-02-20 00:00:00,396,57,5,2019-02-22 00:00:00
414,60,2,2023-02-21 00:00:00,397,57,6,2019-02-23 00:00:00
415,60,3,2023-02-22 00:00:00,399,58,1,2019-02-25 00:00:00
416,60,4,2023-02-23 00:00:00,400,58,2,2019-02-26 00:00:00
417,60,5,2023-02-24 00:00:00,401,58,3,2019-02-27 00:00:00
418,60,6,2023-02-25 00:00:00,402,58,4,2019-02-28 00:00:00
419,61,0,2023-02-26 00:00:00,0,0,0,0
420,61,1,2023-02-27 00:00:00,403,58,5,2019-03-01 00:00:00
421,61,2,2023-02-28 00:00:00,404,58,6,2019-03-02 00:00:00
422,61,3,2023-03-01 00:00:00,406,59,1,2019-03-04 00:00:00
423,61,4,2023-03-02 00:00:00,407,59,2,2019-03-05 00:00:00
424,61,5,2023-03-03 00:00:00,408,59,3,2019-03-06 00:00:00
425,61,6,2023-03-04 00:00:00,409,59,4,2019-03-07 00:00:00
426,62,0,2023-03-05 00:00:00,0,0,0,0
427,62,1,2023-03-06 00:00:00,410,59,5,2019-03-08 00:00:00
428,62,2,2023-03-07 00:00:00,411,59,6,2019-03-09 00:00:00
429,62,3,2023-03-08 00:00:00,413,60,1,2019-03-11 00:00:00
430,62,4,2023-03-09 00:00:00,414,60,2,2019-03-12 00:00:00
431,62,5,2023-03-10 00:00:00,415,60,3,2019-03-13 00:00:00
432,62,6,2023-03-11 00:00:00,416,60,4,2019-03-14 00:00:00
433,63,0,2023-03-12 00:00:00,0,0,0,0
434,63,1,2023-03-13 00:00:00,417,60,5,2019-03-15 00:00:00
435,63,2,2023-03-14 00:00:00,418,60,6,2019-03-16 00:00:00
436,63,3,2023-03-15 00:00:00,420,61,1,2019-03-18 00:00:00
437,63,4,2023-03-16 00:00:00,421,61,2,2019-03-19 00:00:00
438,63,5,2023-03-17 00:00:00,422,61,3,2019-03-20 00:00:00
439,63,6,2023-03-18 00:00:00,423,61,4,2019-03-21 00:00:00
440,64,0,2023-03-19 00:00:00,0,0,0,0
441,64,1,2023-03-20 00:00:00,424,61,5,2019-03-22 00:00:00
442,64,2,2023-03-21 00:00:00,425,61,6,2019-03-23 00:00:00
443,64,3,2023-03-22 00:00:00,427,62,1,2019-03-25 00:00:00
444,64,4,2023-03-23 00:00:00,428,62,2,2019-03-26 00:00:00
445,64,5,2023-03-24 00:00:00,429,62,3,2019-03-27 00:00:00
446,64,6,2023-03-25 00:00:00,430,62,4,2019-03-28 00:00:00
447,65,0,2023-03-26 00:00:00,0,0,0,0
448,65,1,2023-03-27 00:00:00,431,62,5,2019-03-29 00:00:00
449,65,2,2023-03-28 00:00:00,432,62,6,2019-03-30 00:00:00
450,65,3,2023-03-29 00:00:00,434,63,1,2019-04-01 00:00:00
451,65,4,2023-03-30 00:00:00,435,63,2,2019-04-02 00:00:00
452,65,5,2023-03-31 00:00:00,436,63,3,2019-04-03 00:00:00
453,65,6,2023-04-01 00:00:00,437,63,4,2019-04-04 00:00:00
454,66,0,2023-04-02 00:00:00,0,0,0,0
455,66,1,2023-04-03 00:00:00,438,63,5,2019-04-05 00:00:00
456,66,2,2023-04-04 00:00:00,439,63,6,2019-04-06 00:00:00
457,66,3,2023-04-05 00:00:00,441,64,1,2019-04-08 00:00:00
458,66,4,2023-04-06 00:00:00,442,64,2,2019-04-09 00:00:00
459,66,5,2023-04-07 00:00:00,443,64,3,2019-04-10 00:00:00
460,66,6,2023-04-08 00:00:00,444,64,4,2019-04-11 00:00:00
461,67,0,2023-04-09 00:00:00,0,0,0,0
462,67,1,2023-04-10 00:00:00,445,64,5,2019-04-12 00:00:00
463,67,2,2023-04-11 00:00:00,446,64,6,2019-04-13 00:00:00
464,67,3,2023-04-12 00:00:00,448,65,1,2019-04-15 00:00:00
465,67,4,2023-04-13 00:00:00,449,65,2,2019-04-16 00:00:00
466,67,5,2023-04-14 00:00:00,450,65,3,2019-04-17 00:00:00
467,67,6,2023-04-15 00:00:00,451,65,4,2019-04-18 00:00:00
468,68,0,2023-04-16 00:00:00,0,0,0,0
475,69,0,2023-04-23 00:00:00,0,0,0,0
476,69,1,2023-04-24 00:00:00,452,65,5,2019-04-19 00:00:00
477,69,2,2023-04-25 00:00:00,453,65,6,2019-04-20 00:00:00
478,69,3,2023-04-26 00:00:00,455,66,1,2019-04-22 00:00:00
479,69,4,2023-04-27 00:00:00,456,66,2,2019-04-23 00:00:00
480,69,5,2023-04-28 00:00:00,457,66,3,2019-04-24 00:00:00
481,69,6,2023-04-29 00:00:00,458,66,4,2019-04-25 00:00:00
482,70,0,2023-04-30 00:00:00,0,0,0,0
483,70,1,2023-05-01 00:00:00,459,66,5,2019-04-26 00:00:00
484,70,2,2023-05-02 00:00:00,641,92,5,2019-10-25 00:00:00
485,70,3,2023-05-03 00:00:00,460,66,6,2019-04-27 00:00:00
486,70,4,2023-05-04 00:00:00,642,92,6,2019-10-26 00:00:00
487,70,5,2023-05-05 00:00:00,491,71,2,2019-05-28 00:00:00
488,70,6,2023-05-06 00:00:00,492,71,3,2019-05-29 00:00:00
489,71,0,2023-05-07 00:00:00,0,0,0,0
490,71,1,2023-05-08 00:00:00,493,71,4,2019-05-30 00:00:00
491,71,2,2023-05-09 00:00:00,494,71,5,2019-05-31 00:00:00
492,71,3,2023-05-10 00:00:00,495,71,6,2019-06-01 00:00:00
493,71,4,2023-05-11 00:00:00,635,91,6,2019-10-19 00:00:00
494,71,5,2023-05-12 00:00:00,637,92,1,2019-10-21 00:00:00
495,71,6,2023-05-13 00:00:00,638,92,2,2019-10-22 00:00:00
496,72,0,2023-05-14 00:00:00,0,0,0,0
497,72,1,2023-05-15 00:00:00,639,92,3,2019-10-23 00:00:00
498,72,2,2023-05-16 00:00:00,640,92,4,2019-10-24 00:00:00
499,72,3,2023-05-17 00:00:00,497,72,1,2019-06-03 00:00:00
500,72,4,2023-05-18 00:00:00,498,72,2,2019-06-04 00:00:00
501,72,5,2023-05-19 00:00:00,644,93,1,2019-10-28 00:00:00
502,72,6,2023-05-20 00:00:00,645,93,2,2019-10-29 00:00:00
503,73,0,2023-05-21 00:00:00,0,0,0,0
504,73,1,2023-05-22 00:00:00,646,93,3,2019-10-30 00:00:00
505,73,2,2023-05-23 00:00:00,462,67,1,2019-04-29 00:00:00
506,73,3,2023-05-24 00:00:00,499,72,3,2019-06-05 00:00:00
507,73,4,2023-05-25 00:00:00,500,72,4,2019-06-06 00:00:00
508,73,5,2023-05-26 00:00:00,501,72,5,2019-06-07 00:00:00
509,73,6,2023-05-27 00:00:00,502,72,6,2019-06-08 00:00:00
510,74,0,2023-05-28 00:00:00,0,0,0,0
511,74,1,2023-05-29 00:00:00,504,73,1,2019-06-10 00:00:00
512,74,2,2023-05-30 00:00:00,505,73,2,2019-06-11 00:00:00
513,74,3,2023-05-31 00:00:00,463,67,2,2019-04-30 00:00:00
514,74,4,2023-06-01 00:00:00,624,90,2,2019-10-08 00:00:00
515,74,5,2023-06-02 00:00:00,625,90,3,2019-10-09 00:00:00
516,74,6,2023-06-03 00:00:00,626,90,4,2019-10-10 00:00:00
517,75,0,2023-06-04 00:00:00,0,0,0,0
518,75,1,2023-06-05 00:00:00,627,90,5,2019-10-11 00:00:00
519,75,2,2023-06-06 00:00:00,628,90,6,2019-10-12 00:00:00
520,75,3,2023-06-07 00:00:00,630,91,1,2019-10-14 00:00:00
521,75,4,2023-06-08 00:00:00,631,91,2,2019-10-15 00:00:00
522,75,5,2023-06-09 00:00:00,632,91,3,2019-10-16 00:00:00
523,75,6,2023-06-10 00:00:00,506,73,3,2019-06-12 00:00:00
524,76,0,2023-06-11 00:00:00,0,0,0,0
525,76,1,2023-06-12 00:00:00,507,73,4,2019-06-13 00:00:00
526,76,2,2023-06-13 00:00:00,508,73,5,2019-06-14 00:00:00
527,76,3,2023-06-14 00:00:00,509,73,6,2019-06-15 00:00:00
528,76,4,2023-06-15 00:00:00,511,74,1,2019-06-17 00:00:00
529,76,5,2023-06-16 00:00:00,512,74,2,2019-06-18 00:00:00
530,76,6,2023-06-17 00:00:00,513,74,3,2019-06-19 00:00:00
531,77,0,2023-06-18 00:00:00,0,0,0,0
532,77,1,2023-06-19 00:00:00,514,74,4,2019-06-20 00:00:00
533,77,2,2023-06-20 00:00:00,515,74,5,2019-06-21 00:00:00
534,77,3,2023-06-21 00:00:00,516,74,6,2019-06-22 00:00:00
535,77,4,2023-06-22 00:00:00,518,75,1,2019-06-24 00:00:00
536,77,5,2023-06-23 00:00:00,519,75,2,2019-06-25 00:00:00
537,77,6,2023-06-24 00:00:00,520,75,3,2019-06-26 00:00:00
538,78,0,2023-06-25 00:00:00,0,0,0,0
539,78,1,2023-06-26 00:00:00,521,75,4,2019-06-27 00:00:00
540,78,2,2023-06-27 00:00:00,522,75,5,2019-06-28 00:00:00
541,78,3,2023-06-28 00:00:00,523,75,6,2019-06-29 00:00:00
542,78,4,2023-06-29 00:00:00,525,76,1,2019-07-01 00:00:00
543,78,5,2023-06-30 00:00:00,526,76,2,2019-07-02 00:00:00
544,78,6,2023-07-01 00:00:00,527,76,3,2019-07-03 00:00:00
545,79,0,2023-07-02 00:00:00,0,0,0,0
546,79,1,2023-07-03 00:00:00,528,76,4,2019-07-04 00:00:00
547,79,2,2023-07-04 00:00:00,529,76,5,2019-07-05 00:00:00
548,79,3,2023-07-05 00:00:00,530,76,6,2019-07-06 00:00:00
549,79,4,2023-07-06 00:00:00,532,77,1,2019-07-08 00:00:00
550,79,5,2023-07-07 00:00:00,533,77,2,2019-07-09 00:00:00
551,79,6,2023-07-08 00:00:00,464,67,3,2019-05-01 00:00:00
552,80,0,2023-07-09 00:00:00,0,0,0,0
553,80,1,2023-07-10 00:00:00,647,93,4,2019-10-31 00:00:00
554,80,2,2023-07-11 00:00:00,465,67,4,2019-05-02 00:00:00
555,80,3,2023-07-12 00:00:00,649,93,6,2019-11-02 00:00:00
556,80,4,2023-07-13 00:00:00,651,94,1,2019-11-04 00:00:00
557,80,5,2023-07-14 00:00:00,466,67,5,2019-05-03 00:00:00
558,80,6,2023-07-15 00:00:00,534,77,3,2019-07-10 00:00:00
559,81,0,2023-07-16 00:00:00,0,0,0,0
560,81,1,2023-07-17 00:00:00,535,77,4,2019-07-11 00:00:00
561,81,2,2023-07-18 00:00:00,536,77,5,2019-07-12 00:00:00
562,81,3,2023-07-19 00:00:00,537,77,6,2019-07-13 00:00:00
563,81,4,2023-07-20 00:00:00,539,78,1,2019-07-15 00:00:00
564,81,5,2023-07-21 00:00:00,540,78,2,2019-07-16 00:00:00
565,81,6,2023-07-22 00:00:00,541,78,3,2019-07-17 00:00:00
566,82,0,2023-07-23 00:00:00,0,0,0,0
567,82,1,2023-07-24 00:00:00,542,78,4,2019-07-18 00:00:00
568,82,2,2023-07-25 00:00:00,543,78,5,2019-07-19 00:00:00
569,82,3,2023-07-26 00:00:00,544,78,6,2019-07-20 00:00:00
570,82,4,2023-07-27 00:00:00,546,79,1,2019-07-22 00:00:00
571,82,5,2023-07-28 00:00:00,547,79,2,2019-07-23 00:00:00
572,82,6,2023-07-29 00:00:00,548,79,3,2019-07-24 00:00:00
573,83,0,2023-07-30 00:00:00,0,0,0,0
574,83,1,2023-07-31 00:00:00,549,79,4,2019-07-25 00:00:00
575,83,2,2023-08-01 00:00:00,550,79,5,2019-07-26 00:00:00
576,83,3,2023-08-02 00:00:00,551,79,6,2019-07-27 00:00:00
577,83,4,2023-08-03 00:00:00,553,80,1,2019-07-29 00:00:00
578,83,5,2023-08-04 00:00:00,554,80,2,2019-07-30 00:00:00
579,83,6,2023-08-05 00:00:00,555,80,3,2019-07-31 00:00:00
580,84,0,2023-08-06 00:00:00,0,0,0,0
581,84,1,2023-08-07 00:00:00,556,80,4,2019-08-01 00:00:00
582,84,2,2023-08-08 00:00:00,557,80,5,2019-08-02 00:00:00
583,84,3,2023-08-09 00:00:00,558,80,6,2019-08-03 00:00:00
584,84,4,2023-08-10 00:00:00,560,81,1,2019-08-05 00:00:00
585,84,5,2023-08-11 00:00:00,561,81,2,2019-08-06 00:00:00
586,84,6,2023-08-12 00:00:00,562,81,3,2019-08-07 00:00:00
587,85,0,2023-08-13 00:00:00,0,0,0,0
588,85,1,2023-08-14 00:00:00,563,81,4,2019-08-08 00:00:00
589,85,2,2023-08-15 00:00:00,564,81,5,2019-08-09 00:00:00
590,85,3,2023-08-16 00:00:00,565,81,6,2019-08-10 00:00:00
591,85,4,2023-08-17 00:00:00,567,82,1,2019-08-12 00:00:00
592,85,5,2023-08-18 00:00:00,568,82,2,2019-08-13 00:00:00
593,85,6,2023-08-19 00:00:00,569,82,3,2019-08-14 00:00:00
594,86,0,2023-08-20 00:00:00,0,0,0,0
595,86,1,2023-08-21 00:00:00,570,82,4,2019-08-15 00:00:00
596,86,2,2023-08-22 00:00:00,571,82,5,2019-08-16 00:00:00
597,86,3,2023-08-23 00:00:00,572,82,6,2019-08-17 00:00:00
598,86,4,2023-08-24 00:00:00,574,83,1,2019-08-19 00:00:00
599,86,5,2023-08-25 00:00:00,575,83,2,2019-08-20 00:00:00
600,86,6,2023-08-26 00:00:00,576,83,3,2019-08-21 00:00:00
601,87,0,2023-08-27 00:00:00,0,0,0,0
602,87,1,2023-08-28 00:00:00,577,83,4,2019-08-22 00:00:00
603,87,2,2023-08-29 00:00:00,648,93,5,2019-11-01 00:00:00
604,87,3,2023-08-30 00:00:00,578,83,5,2019-08-23 00:00:00
605,87,4,2023-08-31 00:00:00,579,83,6,2019-08-24 00:00:00
606,87,5,2023-09-01 00:00:00,581,84,1,2019-08-26 00:00:00
607,87,6,2023-09-02 00:00:00,582,84,2,2019-08-27 00:00:00
608,88,0,2023-09-03 00:00:00,0,0,0,0
609,88,1,2023-09-04 00:00:00,583,84,3,2019-08-28 00:00:00
610,88,2,2023-09-05 00:00:00,584,84,4,2019-08-29 00:00:00
611,88,3,2023-09-06 00:00:00,585,84,5,2019-08-30 00:00:00
612,88,4,2023-09-07 00:00:00,586,84,6,2019-08-31 00:00:00
613,88,5,2023-09-08 00:00:00,588,85,1,2019-09-02 00:00:00
614,88,6,2023-09-09 00:00:00,589,85,2,2019-09-03 00:00:00
615,89,0,2023-09-10 00:00:00,0,0,0,0
616,89,1,2023-09-11 00:00:00,590,85,3,2019-09-04 00:00:00
617,89,2,2023-09-12 00:00:00,591,85,4,2019-09-05 00:00:00
618,89,3,2023-09-13 00:00:00,592,85,5,2019-09-06 00:00:00
619,89,4,2023-09-14 00:00:00,593,85,6,2019-09-07 00:00:00
620,89,5,2023-09-15 00:00:00,595,86,1,2019-09-09 00:00:00
621,89,6,2023-09-16 00:00:00,596,86,2,2019-09-10 00:00:00
622,90,0,2023-09-17 00:00:00,0,0,0,0
623,90,1,2023-09-18 00:00:00,597,86,3,2019-09-11 00:00:00
624,90,2,2023-09-19 00:00:00,598,86,4,2019-09-12 00:00:00
625,90,3,2023-09-20 00:00:00,599,86,5,2019-09-13 00:00:00
626,90,4,2023-09-21 00:00:00,600,86,6,2019-09-14 00:00:00
627,90,5,2023-09-22 00:00:00,602,87,1,2019-09-16 00:00:00
628,90,6,2023-09-23 00:00:00,603,87,2,2019-09-17 00:00:00
629,91,0,2023-09-24 00:00:00,0,0,0,0
630,91,1,2023-09-25 00:00:00,604,87,3,2019-09-18 00:00:00
631,91,2,2023-09-26 00:00:00,605,87,4,2019-09-19 00:00:00
632,91,3,2023-09-27 00:00:00,606,87,5,2019-09-20 00:00:00
633,91,4,2023-09-28 00:00:00,607,87,6,2019-09-21 00:00:00
634,91,5,2023-09-29 00:00:00,609,88,1,2019-09-23 00:00:00
635,91,6,2023-09-30 00:00:00,610,88,2,2019-09-24 00:00:00
636,92,0,2023-10-01 00:00:00,0,0,0,0
637,92,1,2023-10-02 00:00:00,611,88,3,2019-09-25 00:00:00
638,92,2,2023-10-03 00:00:00,612,88,4,2019-09-26 00:00:00
639,92,3,2023-10-04 00:00:00,633,91,4,2019-10-17 00:00:00
640,92,4,2023-10-05 00:00:00,634,91,5,2019-10-18 00:00:00
641,92,5,2023-10-06 00:00:00,613,88,5,2019-09-27 00:00:00
642,92,6,2023-10-07 00:00:00,614,88,6,2019-09-28 00:00:00
643,93,0,2023-10-08 00:00:00,0,0,0,0
644,93,1,2023-10-09 00:00:00,616,89,1,2019-09-30 00:00:00
645,93,2,2023-10-10 00:00:00,617,89,2,2019-10-01 00:00:00
646,93,3,2023-10-11 00:00:00,618,89,3,2019-10-02 00:00:00
647,93,4,2023-10-12 00:00:00,619,89,4,2019-10-03 00:00:00
648,93,5,2023-10-13 00:00:00,620,89,5,2019-10-04 00:00:00
649,93,6,2023-10-14 00:00:00,621,89,6,2019-10-05 00:00:00
650,94,0,2023-10-15 00:00:00,0,0,0,0
651,94,1,2023-10-16 00:00:00,623,90,1,2019-10-07 00:00:00
652,94,2,2023-10-17 00:00:00,467,67,6,2019-05-04 00:00:00
653,94,3,2023-10-18 00:00:00,469,68,1,2019-05-06 00:00:00
654,94,4,2023-10-19 00:00:00,470,68,2,2019-05-07 00:00:00
655,94,5,2023-10-20 00:00:00,471,68,3,2019-05-08 00:00:00
656,94,6,2023-10-21 00:00:00,472,68,4,2019-05-09 00:00:00
657,95,0,2023-10-22 00:00:00,0,0,0,0
658,95,1,2023-10-23 00:00:00,652,94,2,2019-11-05 00:00:00
659,95,2,2023-10-24 00:00:00,653,94,3,2019-11-06 00:00:00
660,95,3,2023-10-25 00:00:00,654,94,4,2019-11-07 00:00:00
661,95,4,2023-10-26 00:00:00,655,94,5,2019-11-08 00:00:00
662,95,5,2023-10-27 00:00:00,656,94,6,2019-11-09 00:00:00
663,95,6,2023-10-28 00:00:00,658,95,1,2019-11-11 00:00:00
664,96,0,2023-10-29 00:00:00,0,0,0,0
665,96,1,2023-10-30 00:00:00,484,70,2,2019-05-21 00:00:00
666,96,2,2023-10-31 00:00:00,485,70,3,2019-05-22 00:00:00
667,96,3,2023-11-01 00:00:00,486,70,4,2019-05-23 00:00:00
668,96,4,2023-11-02 00:00:00,487,70,5,2019-05-24 00:00:00
669,96,5,2023-11-03 00:00:00,488,70,6,2019-05-25 00:00:00
670,96,6,2023-11-04 00:00:00,490,71,1,2019-05-27 00:00:00
671,97,0,2023-11-05 00:00:00,0,0,0,0
672,97,1,2023-11-06 00:00:00,473,68,5,2019-05-10 00:00:00
673,97,2,2023-11-07 00:00:00,474,68,6,2019-05-11 00:00:00
674,97,3,2023-11-08 00:00:00,476,69,1,2019-05-13 00:00:00
675,97,4,2023-11-09 00:00:00,477,69,2,2019-05-14 00:00:00
676,97,5,2023-11-10 00:00:00,478,69,3,2019-05-15 00:00:00
677,97,6,2023-11-11 00:00:00,479,69,4,2019-05-16 00:00:00
678,98,0,2023-11-12 00:00:00,0,0,0,0
679,98,1,2023-11-13 00:00:00,480,69,5,2019-05-17 00:00:00
680,98,2,2023-11-14 00:00:00,481,69,6,2019-05-18 00:00:00
681,98,3,2023-11-15 00:00:00,483,70,1,2019-05-20 00:00:00
682,98,4,2023-11-16 00:00:00,659,95,2,2019-11-12 00:00:00
683,98,5,2023-11-17 00:00:00,660,95,3,2019-11-13 00:00:00
684,98,6,2023-11-18 00:00:00,336,49,1,2018-12-24 00:00:00
685,99,0,2023-11-19 00:00:00,0,0,0,0
686,99,1,2023-11-20 00:00:00,337,49,2,2018-12-25 00:00:00
687,99,2,2023-11-21 00:00:00,338,49,3,2018-12-26 00:00:00
688,99,3,2023-11-22 00:00:00,339,49,4,2018-12-27 00:00:00
689,99,4,2023-11-23 00:00:00,340,49,5,2018-12-28 00:00:00
690,99,5,2023-11-24 00:00:00,341,49,6,2018-12-29 00:00:00
691,99,6,2023-11-25 00:00:00,343,50,1,2018-12-31 00:00:00
692,100,0,2023-11-26 00:00:00,0,0,0,0
693,100,1,2023-11-27 00:00:00,344,50,2,2019-01-01 00:00:00
694,100,2,2023-11-28 00:00:00,345,50,3,2019-01-02 00:00:00
695,100,3,2023-11-29 00:00:00,346,50,4,2019-01-03 00:00:00
696,100,4,2023-11-30 00:00:00,347,50,5,2019-01-04 00:00:00
697,100,5,2023-12-01 00:00:00,348,50,6,2019-01-05 00:00:00
698,100,6,2023-12-02 00:00:00,350,51,1,2019-01-07 00:00:00
699,101,0,2023-12-03 00:00:00,0,0,0,0
700,101,1,2023-12-04 00:00:00,351,51,2,2019-01-08 00:00:00
701,101,2,2023-12-05 00:00:00,352,51,3,2019-01-09 00:00:00
702,101,3,2023-12-06 00:00:00,353,51,4,2019-01-10 00:00:00
703,101,4,2023-12-07 00:00:00,354,51,5,2019-01-11 00:00:00
704,101,5,2023-12-08 00:00:00,355,51,6,2019-01-12 00:00:00
705,101,6,2023-12-09 00:00:00,357,52,1,2019-01-14 00:00:00
706,102,0,2023-12-10 00:00:00,0,0,0,0
707,102,1,2023-12-11 00:00:00,358,52,2,2019-01-15 00:00:00
708,102,2,2023-12-12 00:00:00,686,99,1,2019-12-09 00:00:00
709,102,3,2023-12-13 00:00:00,688,99,3,2019-12-11 00:00:00
710,102,4,2023-12-14 00:00:00,690,99,5,2019-12-13 00:00:00
711,102,5,2023-12-15 00:00:00,691,99,6,2019-12-14 00:00:00
712,102,6,2023-12-16 00:00:00,693,100,1,2019-12-16 00:00:00
713,103,0,2023-12-17 00:00:00,0,0,0,0
714,103,1,2023-12-18 00:00:00,694,100,2,2019-12-17 00:00:00
715,103,2,2023-12-19 00:00:00,695,100,3,2019-12-18 00:00:00
716,103,3,2023-12-20 00:00:00,696,100,4,2019-12-19 00:00:00
717,103,4,2023-12-21 00:00:00,697,100,5,2019-12-20 00:00:00
718,103,5,2023-12-22 00:00:00,698,100,6,2019-12-21 00:00:00
719,103,6,2023-12-23 00:00:00,700,101,1,2019-12-23 00:00:00
720,104,0,2023-12-24 00:00:00,0,0,0,0
721,104,1,2023-12-25 00:00:00,701,101,2,2019-12-24 00:00:00
722,104,2,2023-12-26 00:00:00,702,101,3,2019-12-25 00:00:00
723,104,3,2023-12-27 00:00:00,703,101,4,2019-12-26 00:00:00
724,104,4,2023-12-28 00:00:00,704,101,5,2019-12-27 00:00:00
725,104,5,2023-12-29 00:00:00,705,101,6,2019-12-28 00:00:00
